keyword,related_keywords,category,priority,article_type,status,pr_url,created_date
広告代理店 不満,広告代理店 対応 遅い; 広告代理店 提案 ない,顕在層,1,課題解決,レビュー中,,
YouTube広告 運用代行,YouTube広告 代理店 おすすめ,顕在層,1,比較検討,リサーチ済,,
TikTok広告 運用代行,TikTok広告 代理店 おすすめ,顕在層,1,比較検討,未作成,,
Microsoft広告 運用代行,Microsoft広告 代理店 おすすめ,顕在層,1,比較検討,未作成,,
LINE広告 運用代行,LINE広告 代理店 おすすめ,顕在層,1,比較検討,未作成,,
X広告 運用代行,Twitter広告 運用代行,顕在層,1,比較検討,未作成,,
BtoB 広告代理店 おすすめ,,顕在層,1,比較検討,未作成,,
EC 広告代理店 おすすめ,通販 広告代理店 おすすめ,顕在層,1,比較検討,未作成,,
不動産 広告代理店 おすすめ,,顕在層,1,比較検討,未作成,,
金融 広告代理店 おすすめ,,顕在層,1,比較検討,未作成,,
美容 広告代理店 おすすめ,,顕在層,1,比較検討,未作成,,
医療 広告代理店 おすすめ,クリニック 広告代理店 おすすめ,顕在層,1,比較検討,未作成,,
広告運用代行 ai,,顕在層,1,比較検討,未作成,,
広告運用代行,広告運用代行 おすすめ; 広告代理店 おすすめ; web広告運用代行; 広告運用代行 比較,顕在層,1,比較検討,公開済み,,
リスティング広告 運用代行,リスティング広告 代理店 おすすめ,顕在層,1,比較検討,公開済み,,
Google広告 運用代行,Google広告 代理店 おすすめ,顕在層,1,比較検討,公開済み,,
SNS広告 運用代行,SNS広告 代理店 おすすめ,顕在層,1,比較検討,公開済み,,
Meta広告 運用代行,Facebook広告 運用代行; Meta広告 代理店 おすすめ,顕在層,1,比較検討,公開済み,,
インスタ広告 運用代行,Instagram広告 運用代行,顕在層,1,比較検討,公開済み,,
広告代理店 変更,広告代理店 切り替え; 広告代理店 リプレイス; 広告代理店 変更 タイミング; 広告運用 引き継ぎ 注意点; リスティング広告 運用代行 切り替え,顕在層,1,比較検討,公開済み,,
広告運用 外注,広告運用 委託,顕在層,1,比較検討,公開済み,,
広告代理店 手数料,広告運用代行 費用; 広告運用代行 手数料; 広告代理店 料金; 広告代理店 固定報酬 成果報酬,顕在層,1,比較検討,公開済み,,
広告代理店 選び方,広告代理店 評判 調べ方; 広告代理店 契約 注意点,顕在層,1,比較検討,公開済み,,
広告 インハウス,広告運用 インハウス 代理店 どっち; 広告運用 内製化 進め方; インハウス 支援,顕在層,1,比較検討,公開済み,,
広告 コンサルティング,Google広告 コンサルティング,顕在層,1,比較検討,公開済み,,
広告運用代行 とは,,顕在層,1,比較検討,公開済み,,
広告代理店 赤坂,,顕在層,1,比較検討,公開済み,,
広告代理店 成果 出ない,広告運用代行 成果が出ない,顕在層,1,課題解決,公開済み,,
CPA 改善,CPA 向上; CPA 下げる; CPA 高騰 原因; CPA 改善 方法,準顕在層,2,メソッド解説,未作成,,
ROAS 改善,ROAS 向上; ROAS 改善 方法,準顕在層,2,メソッド解説,未作成,,
CPC 改善,CPC 向上; CPC 下げる; CPC 高騰 原因,準顕在層,2,メソッド解説,未作成,,
CVR 改善,CVR 向上; コンバージョン率 改善; コンバージョン 増やす,準顕在層,2,メソッド解説,未作成,,
CTR 改善,CTR 向上; クリック率 改善,準顕在層,2,メソッド解説,未作成,,
インプレッション 改善,インプレッション 増やす; 広告 表示回数 増やす,準顕在層,2,メソッド解説,未作成,,
リスティング広告 改善,リスティング広告 成果 出ない; リスティング広告 運用 コツ,準顕在層,2,メソッド解説,未作成,,
Google広告 改善,Google広告 品質スコア 改善; Google広告 費用対効果,準顕在層,2,メソッド解説,未作成,,
Meta広告 改善,Meta広告 運用 コツ; Meta広告 BtoB; Meta広告 クリエイティブ 検証 回らない,準顕在層,2,メソッド解説,未作成,,
デマンドジェネレーション 改善,デマンドジェネレーション CPA 合わない,準顕在層,2,メソッド解説,未作成,,
広告 クリエイティブ 改善,広告 ABテスト やり方; リスティング広告 ABテスト,準顕在層,2,メソッド解説,未作成,,
広告 LTV CPA 考え方,,準顕在層,2,メソッド解説,未作成,,
指名検索 広告 必要か,,準顕在層,2,メソッド解説,未作成,,
広告 カニバリゼーション,,準顕在層,2,メソッド解説,未作成,,
ROAS 高い 売上 伸びない,,準顕在層,2,メソッド解説,未作成,,
BtoB リスティング広告 コツ,BtoB リード獲得 方法,準顕在層,2,メソッド解説,未作成,,
BtoB リード 質 評価,BtoB 商談単価 広告,準顕在層,2,メソッド解説,未作成,,
SaaS 広告運用,,準顕在層,2,メソッド解説,未作成,,
広告運用 KPI 設計,,準顕在層,2,メソッド解説,未作成,,
リスティング広告 LP 改善,,準顕在層,2,メソッド解説,未作成,,
広告運用 改善事例,BtoB 広告 事例 成功; SaaS 広告 事例; 広告運用 BtoB 事例,準顕在層,2,事例解説,未作成,,
リスティング広告 費用,,準顕在層,2,メソッド解説,公開済み,,
広告費 予算 決め方,,準顕在層,2,メソッド解説,公開済み,,
リスティング広告 キーワード,,準顕在層,2,メソッド解説,公開済み,,
リスティング広告 広告文,,準顕在層,2,メソッド解説,公開済み,,
リスティング広告 クリック率,,準顕在層,2,メソッド解説,公開済み,,
リスティング広告 事例,,準顕在層,2,事例解説,公開済み,,
btob広告 事例,,準顕在層,2,事例解説,公開済み,,
広告運用代行 成功事例,,準顕在層,2,事例解説,公開済み,,
p-max 改善,P-MAX 運用 コツ; P-MAX YouTube 偏る,準顕在層,2,メソッド解説,公開済み,,
Meta広告 費用,,準顕在層,2,メソッド解説,公開済み,,
オフラインコンバージョン,オフラインCV 設定; オフラインCV 活用,潜在層,3,メソッド解説,未作成,,
ブランドリフト調査,ブランドリフト調査 やり方,潜在層,3,メソッド解説,未作成,,
広告 認知施策 KPI,認知広告 KPI 設計,潜在層,3,メソッド解説,未作成,,
広告 新規顧客 獲得,広告 新規顧客 獲得 評価; 新規顧客 獲得 計測,潜在層,3,メソッド解説,未作成,,
インクリメンタリティ,広告 インクリメンタル 検証; インクリメンタリティ 計測,潜在層,3,メソッド解説,未作成,,
YouTube広告 配信手順,,潜在層,3,媒体機能解説,未作成,,
リスティング広告とは,,潜在層,3,媒体機能解説,公開済み,,
リスティング広告 種類,,潜在層,3,媒体機能解説,公開済み,,
リスティング広告 メリット,,潜在層,3,媒体機能解説,公開済み,,
リスティング広告 やり方,,潜在層,3,媒体機能解説,公開済み,,
リスティング広告 seo,,潜在層,3,媒体機能解説,公開済み,,
ディスプレイ広告 リスティング広告 違い,,潜在層,3,媒体機能解説,公開済み,,
google広告とは,,潜在層,3,媒体機能解説,公開済み,,
google広告 種類,,潜在層,3,媒体機能解説,公開済み,,
google広告 ターゲティング,,潜在層,3,媒体機能解説,公開済み,,
google広告 入札戦略,,潜在層,3,媒体機能解説,公開済み,,
Google広告 効果測定,,潜在層,3,媒体機能解説,公開済み,,
google広告 コンバージョン設定,,潜在層,3,媒体機能解説,公開済み,,
google広告,,潜在層,3,媒体機能解説,公開済み,,
yahoo広告とは,,潜在層,3,媒体機能解説,公開済み,,
microsoft広告,,潜在層,3,媒体機能解説,公開済み,,
meta広告,,潜在層,3,媒体機能解説,公開済み,,
デマンドジェネレーション キャンペーン,,潜在層,3,媒体機能解説,公開済み,,
p-max,,潜在層,3,媒体機能解説,公開済み,,
btob広告,,潜在層,3,媒体機能解説,公開済み,,
リード獲得広告,,潜在層,3,媒体機能解説,公開済み,,
アトリビューション,,潜在層,3,媒体機能解説,公開済み,,
コンバージョンAPI,,潜在層,3,媒体機能解説,公開済み,,
マッチタイプ,,潜在層,3,媒体機能解説,公開済み,,
